id,first_name,last_name,email,gender,turnout_score,ev_score,gotv_score
1,Alex,Gowthrop,agowthrop0@alibaba.com,Male,0,-0.83,1
2,Ermanno,Roote,eroote1@nhs.uk,Male,1,0.5,1
3,Chev,Wimmers,cwimmers2@youku.com,Male,1,0.29,1
4,Netta,McGrady,nmcgrady3@bing.com,Female,2,0.83,1
5,Harlie,Barnewell,hbarnewell4@php.net,Female,2,0.18,1
6,Edithe,Showl,eshowl5@wufoo.com,Female,1,-1.47,0
7,Quinta,Kidner,qkidner6@4shared.com,Female,1,0.22,1
8,Drucy,Togher,dtogher7@addthis.com,Female,1,0.34,1
9,Max,Jeffress,mjeffress8@de.vu,Male,0,-1.58,1
10,Anastasie,Waistall,awaistall9@drupal.org,Female,1,1.08,1
11,Harley,Singyard,hsingyarda@japanpost.jp,Male,0,1.65,1
12,Carmella,Bottle,cbottleb@sfgate.com,Female,1,2.88,0
13,Wenona,Chalfont,wchalfontc@miitbeian.gov.cn,Female,0,0.03,1
14,Tracey,Leggin,tleggind@tinypic.com,Male,0,0.56,1
15,Klement,Coey,kcoeye@prnewswire.com,Male,0,1.13,0
16,Georgeanne,Bolwell,gbolwellf@hexun.com,Female,0,-1.48,1
17,Cortie,Hanbridge,chanbridgeg@lycos.com,Male,3,-1.4,0
18,Wait,McGhie,wmcghieh@photobucket.com,Male,0,1.03,0
19,Ainslee,Bedo,abedoi@state.tx.us,Female,0,1.49,1
20,Kliment,Janczyk,kjanczykj@tinypic.com,Male,0,1.01,1
21,Hew,Wilton,hwiltonk@wordpress.org,Male,0,-0.79,0
22,Sue,Gerbl,sgerbll@imageshack.us,Female,0,-0.36,0
23,Conni,Fabb,cfabbm@vinaora.com,Female,0,-1.35,0
24,Rosemary,Mecozzi,rmecozzin@ask.com,Female,0,1.15,0
25,Norine,Labitt,nlabitto@phoca.cz,Female,1,0.55,1
26,Tracy,Bene,tbenep@apache.org,Male,0,-0.04,1
27,Lance,McFeate,lmcfeateq@youtu.be,Male,1,1.68,1
28,Piotr,Cavy,pcavyr@jigsy.com,Male,1,0.74,1
29,Amelina,Verlinde,averlindes@timesonline.co.uk,Female,1,0.06,1
30,Von,Learoyde,vlearoydet@cargocollective.com,Male,0,-0.92,1
31,Vivie,Natte,vnatteu@meetup.com,Female,0,-1.4,1
32,Viviyan,Knoles,vknolesv@icio.us,Female,1,-0.04,1
33,Kris,Elles,kellesw@ovh.net,Female,1,0.25,0
34,Harlin,Pessel,hpesselx@ucoz.ru,Male,1,0.65,1
35,Tanhya,Gannicleff,tgannicleffy@lycos.com,Female,0,-1.27,1
36,Abbey,Brunton,abruntonz@latimes.com,Male,1,0.66,1
37,Selia,Lacer,slacer10@china.com.cn,Female,0,0.48,1
38,Ezequiel,McLoughlin,emcloughlin11@salon.com,Male,0,0.64,0
39,Samson,McIlwrick,smcilwrick12@un.org,Male,0,-0.39,1
40,Morganica,St. Hill,msthill13@bravesites.com,Female,0,1.04,1
41,Bryanty,Michiel,bmichiel14@boston.com,Male,0,-0.13,1
42,Filmer,Rowbottam,frowbottam15@state.gov,Male,0,-0.12,0
43,Sibylla,Unthank,sunthank16@livejournal.com,Female,1,0.1,1
44,Corey,Curgenuer,ccurgenuer17@lulu.com,Male,0,1.38,0
45,Scarface,Berthomieu,sberthomieu18@fda.gov,Male,0,0.98,1
46,Carlyn,Holbury,cholbury19@163.com,Female,0,1.3,1
47,Glenn,Risom,grisom1a@exblog.jp,Male,1,1.72,0
48,Marybelle,Cheese,mcheese1b@cbslocal.com,Female,0,2.04,1
49,Charil,Sedcole,csedcole1c@hatena.ne.jp,Female,0,1.39,1
50,Dunc,Cowling,dcowling1d@prnewswire.com,Male,2,2.34,1
51,Emory,Behnecke,ebehnecke1e@apache.org,Male,0,1.72,1
52,Xylina,Dodman,xdodman1f@discovery.com,Female,0,1.48,1
53,August,Clewley,aclewley1g@gnu.org,Male,0,0.72,0
54,Erasmus,Liddon,eliddon1h@taobao.com,Male,4,0.19,1
55,Ardith,Findon,afindon1i@dyndns.org,Female,0,0.82,1
56,Antoinette,Force,aforce1j@house.gov,Female,0,0.14,1
57,Ramsey,Zarfati,rzarfati1k@salon.com,Male,0,-0.79,0
58,Aile,McDougald,amcdougald1l@hugedomains.com,Female,0,0.93,0
59,Bliss,Mather,bmather1m@comsenz.com,Female,0,-1.55,0
60,Lauralee,Gierck,lgierck1n@shutterfly.com,Female,1,-1.48,0
61,Garold,Hazlehurst,ghazlehurst1o@xing.com,Male,0,1.97,0
62,Vale,Docharty,vdocharty1p@pbs.org,Male,0,-0.19,1
63,Langsdon,Cullington,lcullington1q@mail.ru,Male,1,0.73,1
64,Ruy,Casbourne,rcasbourne1r@jalbum.net,Male,2,-0.9,1
65,Cullan,Woodbridge,cwoodbridge1s@vinaora.com,Male,2,-0.48,1
66,Briny,Bennike,bbennike1t@hubpages.com,Female,1,1.85,1
67,Marchelle,Stidworthy,mstidworthy1u@rambler.ru,Female,0,1.07,1
68,Sybilla,Dederich,sdederich1v@pinterest.com,Female,0,0.81,1
69,Gilberte,Manuel,gmanuel1w@ibm.com,Female,0,1.72,1
70,Aleece,Wolland,awolland1x@sun.com,Female,0,0.59,1
71,Reider,Martello,rmartello1y@acquirethisname.com,Male,0,-0.22,1
72,Obie,Dodman,ododman1z@privacy.gov.au,Male,0,0.51,1
73,Konstantin,Chessun,kchessun20@technorati.com,Male,0,0.38,1
74,Junia,Taberer,jtaberer21@mediafire.com,Female,0,0.46,1
75,Chester,Dory,cdory22@plala.or.jp,Male,1,0.2,0
76,Carena,Sully,csully23@g.co,Female,2,0.27,1
77,Caressa,Loody,cloody24@illinois.edu,Female,0,-0.0,1
78,Minna,Dunning,mdunning25@mapquest.com,Female,1,2.01,0
79,Seline,Francisco,sfrancisco26@hugedomains.com,Female,0,-1.71,1
80,Drusie,Henriksson,dhenriksson27@oaic.gov.au,Female,0,-0.75,0
81,Alon,Pavy,apavy28@nifty.com,Male,0,-0.79,1
82,Ardyce,Guirardin,aguirardin29@icio.us,Female,0,1.09,0
83,Angelita,Sweetenham,asweetenham2a@github.io,Female,1,0.71,1
84,Arty,Ansett,aansett2b@cnbc.com,Male,0,-0.14,1
85,Erin,Bosche,ebosche2c@yellowbook.com,Female,0,0.44,1
86,Desiri,Malden,dmalden2d@umn.edu,Female,0,1.54,1
87,Evangelin,Giraudou,egiraudou2e@cnbc.com,Female,0,-0.12,0
88,Tallie,Biswell,tbiswell2f@amazon.co.jp,Female,1,-0.2,0
89,Jeralee,Ghelarducci,jghelarducci2g@csmonitor.com,Female,0,1.46,1
90,Patty,Kezar,pkezar2h@sourceforge.net,Female,0,-1.74,1
91,Sybille,Adelman,sadelman2i@usatoday.com,Female,0,-0.31,1
92,Glyn,Jopp,gjopp2j@youtube.com,Male,1,1.37,1
93,Peirce,Alner,palner2k@unc.edu,Male,1,0.2,1
94,Goraud,Evison,gevison2l@odnoklassniki.ru,Male,1,0.05,1
95,Zachery,Chestnut,zchestnut2m@nationalgeographic.com,Male,0,1.05,1
96,Aleen,Spellacey,aspellacey2n@google.pl,Female,0,0.91,1
97,Mikael,Leisman,mleisman2o@gov.uk,Male,0,0.55,1
98,Zackariah,Ryall,zryall2p@wikimedia.org,Male,0,0.93,1
99,Carina,Skillman,cskillman2q@answers.com,Female,0,-0.9,1
100,Ava,Brettor,abrettor2r@seesaa.net,Female,0,0.18,1
101,Mariellen,Klawi,mklawi2s@github.com,Female,0,0.68,1
102,Sibley,Byre,sbyre2t@prweb.com,Female,0,-0.83,0
103,Flor,O'Hern,fohern2u@nasa.gov,Female,1,0.32,1
104,Kaitlyn,Wenger,kwenger2v@technorati.com,Female,0,0.67,1
105,Nancie,McClifferty,nmcclifferty2w@hc360.com,Female,0,0.03,1
106,Bil,Howling,bhowling2x@ow.ly,Male,0,1.26,1
107,Karisa,Ortiger,kortiger2y@dell.com,Female,0,1.72,1
108,Gabriel,Chellam,gchellam2z@aboutads.info,Male,0,0.76,0
109,Marthena,Wilgar,mwilgar30@tmall.com,Female,1,-0.2,1
110,Pat,Mapples,pmapples31@creativecommons.org,Female,0,1.18,1
111,Filide,People,fpeople32@hatena.ne.jp,Female,0,3.15,1
112,Adore,Towler,atowler33@va.gov,Female,1,1.66,1
113,Rob,Decent,rdecent34@senate.gov,Male,0,0.6,1
114,Donnamarie,O'Mara,domara35@columbia.edu,Female,0,0.21,1
115,Terence,Strauss,tstrauss36@yellowbook.com,Male,1,-0.78,1
116,Brigida,Cripps,bcripps37@google.com.au,Female,1,0.01,1
117,Cynthea,Woltman,cwoltman38@guardian.co.uk,Female,1,1.05,1
118,Peyter,Grinnov,pgrinnov39@pen.io,Male,2,0.24,1
119,Noell,Yanez,nyanez3a@guardian.co.uk,Female,0,1.22,1
120,Kelci,Langfat,klangfat3b@twitpic.com,Female,0,-0.71,1
121,Vince,Greasty,vgreasty3c@oracle.com,Male,2,0.69,1
122,Alfonse,Renner,arenner3d@nba.com,Male,0,-0.23,1
123,Benoite,Dirkin,bdirkin3e@amazon.co.jp,Female,2,-0.27,1
124,Binny,Sowrey,bsowrey3f@geocities.com,Female,1,-0.44,0
125,Laurella,Cathro,lcathro3g@patch.com,Female,1,0.99,1
126,Niels,Chiommienti,nchiommienti3h@slideshare.net,Male,0,2.05,1
127,Ozzy,Lathe,olathe3i@howstuffworks.com,Male,0,-0.41,1
128,Chastity,Ranking,cranking3j@homestead.com,Female,1,-1.14,1
129,Germaine,Cheek,gcheek3k@skype.com,Female,0,1.0,1
130,Cullen,Lapere,clapere3l@mit.edu,Male,0,0.46,1
131,Job,Wauchope,jwauchope3m@sfgate.com,Male,1,0.89,1
132,Giselbert,Tight,gtight3n@fc2.com,Male,1,-0.26,1
133,Mario,Willavize,mwillavize3o@opensource.org,Male,1,-0.49,1
134,Rici,Falloon,rfalloon3p@e-recht24.de,Female,2,1.0,1
135,Nollie,Cullrford,ncullrford3q@nydailynews.com,Male,0,1.64,1
136,Mab,Brettel,mbrettel3r@cam.ac.uk,Female,0,-1.01,0
137,Amata,Djorevic,adjorevic3s@plala.or.jp,Female,1,-0.87,1
138,Sherwin,Maunsell,smaunsell3t@unblog.fr,Male,0,0.24,1
139,Wallace,Pragnell,wpragnell3u@bandcamp.com,Male,0,0.53,1
140,Merell,Johannes,mjohannes3v@youtu.be,Male,0,0.9,1
141,Lara,Chrestien,lchrestien3w@t.co,Female,0,0.58,1
142,Allyn,MacDuff,amacduff3x@qq.com,Male,1,0.63,1
143,Daryle,Agron,dagron3y@hud.gov,Male,1,0.76,1
144,Salvidor,Olyet,solyet3z@hubpages.com,Male,0,0.11,1
145,Rickard,Mablestone,rmablestone40@bbc.co.uk,Male,0,0.78,1
146,Welbie,Mawford,wmawford41@vk.com,Male,0,2.3,0
147,Lari,Isgate,lisgate42@fastcompany.com,Female,2,0.94,1
148,Neils,Seabridge,nseabridge43@deviantart.com,Male,0,-2.36,1
149,Bibby,Latus,blatus44@uol.com.br,Female,0,1.62,1
150,Rod,Lux,rlux45@prweb.com,Male,0,1.25,0
151,Kermit,Brandon,kbrandon46@stanford.edu,Male,1,0.49,0
152,Ennis,Brown,ebrown47@oracle.com,Male,0,-0.4,1
153,Aristotle,Feathers,afeathers48@nps.gov,Male,0,1.46,1
154,Susanne,Gorvin,sgorvin49@ehow.com,Female,0,3.2,0
155,Cherin,Cota,ccota4a@surveymonkey.com,Female,2,-0.41,1
156,Vinny,Westmore,vwestmore4b@bloomberg.com,Male,1,0.62,0
157,Trudy,Warrington,twarrington4c@biblegateway.com,Female,0,-0.92,1
158,Clemmie,Millan,cmillan4d@soundcloud.com,Male,2,0.4,1
159,Hewett,Beckles,hbeckles4e@cam.ac.uk,Male,0,-1.94,1
160,Babbie,Curme,bcurme4f@histats.com,Female,0,1.58,1
161,Fanchette,Henderson,fhenderson4g@aol.com,Female,0,0.75,1
162,Leanor,Arnaudin,larnaudin4h@dailymotion.com,Female,0,-0.32,1
163,Allis,Kenion,akenion4i@aol.com,Female,0,1.72,1
164,Isac,Binks,ibinks4j@phoca.cz,Male,0,-0.52,1
165,Karita,Meads,kmeads4k@pen.io,Female,1,0.77,1
166,Darla,Evelyn,develyn4l@yale.edu,Female,0,-0.54,0
167,Delbert,Jaumet,djaumet4m@wp.com,Male,0,-0.08,1
168,Atlanta,Curran,acurran4n@nyu.edu,Female,1,-1.09,1
169,Sergent,Brymham,sbrymham4o@imageshack.us,Male,0,-0.16,1
170,Chancey,D'Ugo,cdugo4p@stanford.edu,Male,0,-0.93,1
171,Birch,Barmadier,bbarmadier4q@dailymotion.com,Male,1,0.73,1
172,Tomas,Ivkovic,tivkovic4r@theguardian.com,Male,0,1.01,1
173,Milzie,Tuddall,mtuddall4s@fotki.com,Female,0,2.05,1
174,Olin,Myner,omyner4t@imgur.com,Male,0,-1.32,1
175,Verla,Vasler,vvasler4u@netlog.com,Female,0,0.97,1
176,Hilliary,Ketteman,hketteman4v@liveinternet.ru,Female,0,0.03,1
177,Dael,Drawmer,ddrawmer4w@biglobe.ne.jp,Female,0,1.1,1
178,Burke,Lillee,blillee4x@comsenz.com,Male,1,1.52,1
179,Archibold,Ruddick,aruddick4y@slate.com,Male,0,-1.22,1
180,Hermine,Parris,hparris4z@cisco.com,Female,0,0.2,1
181,Betteanne,Killelay,bkillelay50@tripod.com,Female,0,2.19,1
182,Hervey,Dalgardno,hdalgardno51@cafepress.com,Male,0,2.0,0
183,Fowler,Daymond,fdaymond52@ox.ac.uk,Male,0,1.04,1
184,Jesse,Seager,jseager53@psu.edu,Female,0,0.36,1
185,Atlanta,Yarwood,ayarwood54@deviantart.com,Female,1,0.58,1
186,Lucy,MacGinlay,lmacginlay55@aboutads.info,Female,1,0.38,1
187,Sabra,Leece,sleece56@bloglovin.com,Female,0,1.29,1
188,Ynez,Dahlbom,ydahlbom57@microsoft.com,Female,0,1.17,0
189,Bruis,Lebourn,blebourn58@typepad.com,Male,0,-0.68,0
190,Lenee,Snyder,lsnyder59@squarespace.com,Female,1,0.37,1
191,Delmar,Surphliss,dsurphliss5a@netscape.com,Male,0,1.77,0
192,Meghann,Humfrey,mhumfrey5b@devhub.com,Female,0,0.63,1
193,Wilona,Bosward,wbosward5c@admin.ch,Female,2,0.48,1
194,Zebulon,Blayd,zblayd5d@diigo.com,Male,0,-0.1,0
195,Eddy,Francescuccio,efrancescuccio5e@tinyurl.com,Male,1,1.65,1
196,Corinna,Paolozzi,cpaolozzi5f@yelp.com,Female,1,1.07,1
197,Edna,Ciccotto,eciccotto5g@yellowpages.com,Female,0,0.53,1
198,Monty,Narey,mnarey5h@archive.org,Male,0,1.21,1
199,Marrilee,Tebbitt,mtebbitt5i@xinhuanet.com,Female,0,-0.12,1
200,Peter,Pasfield,ppasfield5j@storify.com,Male,1,2.09,0
201,Phillida,Gillani,pgillani5k@ifeng.com,Female,0,1.59,1
202,Petronilla,Persent,ppersent5l@dedecms.com,Female,1,0.09,1
203,Genna,Verner,gverner5m@posterous.com,Female,1,0.84,1
204,Kristian,Kerley,kkerley5n@ustream.tv,Male,0,0.72,1
205,Christophe,Umpleby,cumpleby5o@lulu.com,Male,0,1.17,1
206,Eliot,McOnie,emconie5p@gravatar.com,Male,0,-0.8,1
207,Artur,Codi,acodi5q@icq.com,Male,1,0.38,1
208,Nichole,Williscroft,nwilliscroft5r@artisteer.com,Male,0,0.55,1
209,Hal,Willshaw,hwillshaw5s@tripadvisor.com,Male,0,0.6,1
210,Rickie,Kevis,rkevis5t@1688.com,Female,1,0.6,1
211,Kile,Wetwood,kwetwood5u@multiply.com,Male,1,-0.01,0
212,Rubina,Gurney,rgurney5v@acquirethisname.com,Female,0,-0.65,1
213,Bride,Kingsworth,bkingsworth5w@nsw.gov.au,Female,0,0.48,1
214,Shari,Roelofsen,sroelofsen5x@networksolutions.com,Female,0,-0.07,1
215,Lavinie,Wilber,lwilber5y@wordpress.org,Female,1,-0.1,0
216,Ambrose,Worts,aworts5z@cargocollective.com,Male,0,1.98,0
217,Phil,McEniry,pmceniry60@angelfire.com,Male,0,1.2,1
218,Oberon,Jodrelle,ojodrelle61@yandex.ru,Male,0,0.98,0
219,Elnora,Swadlinge,eswadlinge62@nifty.com,Female,0,0.0,1
220,Eloise,Keets,ekeets63@tmall.com,Female,0,1.85,1
221,Roxanne,Behning,rbehning64@sbwire.com,Female,1,0.76,1
222,Rutger,L'Hommee,rlhommee65@twitter.com,Male,0,1.82,0
223,Roddy,Inett,rinett66@theatlantic.com,Male,0,0.66,1
224,Mackenzie,Felce,mfelce67@youtu.be,Male,0,1.27,1
225,Kiel,Fairpo,kfairpo68@nasa.gov,Male,1,1.07,1
226,Janelle,English,jenglish69@mlb.com,Female,0,0.18,1
227,Vergil,Yeatman,vyeatman6a@cbc.ca,Male,0,-0.35,1
228,Wiley,Polak,wpolak6b@wisc.edu,Male,2,0.38,1
229,Del,Getty,dgetty6c@icio.us,Female,0,1.16,1
230,Chadwick,Bussel,cbussel6d@soundcloud.com,Male,0,1.64,1
231,Callie,Brazenor,cbrazenor6e@wiley.com,Female,1,-1.18,0
232,Prudi,Petrushka,ppetrushka6f@dyndns.org,Female,0,0.51,0
233,Mendie,Donoher,mdonoher6g@aboutads.info,Male,0,0.37,1
234,Krystalle,Breem,kbreem6h@tinyurl.com,Female,1,1.79,1
235,Lauren,McIlherran,lmcilherran6i@marketwatch.com,Female,1,-1.13,1
236,Maggy,Bettam,mbettam6j@europa.eu,Female,1,0.07,1
237,Roshelle,Lafford,rlafford6k@youku.com,Female,0,0.24,1
238,Blancha,Gally,bgally6l@google.it,Female,0,-0.26,1
239,Christophorus,Boyett,cboyett6m@yahoo.co.jp,Male,1,-0.07,1
240,Cindy,Glidden,cglidden6n@npr.org,Female,0,0.22,1
241,Constanta,Ruddom,cruddom6o@yelp.com,Female,0,-0.43,1
242,Saraann,Gillyett,sgillyett6p@discovery.com,Female,0,1.65,1
243,Morgen,Longlands,mlonglands6q@vimeo.com,Female,2,-0.17,1
244,Celka,Tancock,ctancock6r@webeden.co.uk,Female,0,1.55,0
245,Antonin,Lack,alack6s@infoseek.co.jp,Male,0,-0.2,1
246,Faydra,Nanelli,fnanelli6t@123-reg.co.uk,Female,0,-0.55,0
247,Laurie,Stathor,lstathor6u@godaddy.com,Female,0,0.97,0
248,Husein,Pim,hpim6v@macromedia.com,Male,0,0.0,1
249,Trumann,Lote,tlote6w@usda.gov,Male,0,1.28,0
250,Florida,Benbough,fbenbough6x@xrea.com,Female,0,0.91,1
251,Holden,Larrosa,hlarrosa6y@chronoengine.com,Male,0,0.63,1
252,Consalve,Rosewall,crosewall6z@nbcnews.com,Male,0,1.98,1
253,Rafaello,Leacock,rleacock70@hc360.com,Male,0,-0.14,0
254,Tomkin,Kidner,tkidner71@de.vu,Male,0,1.09,1
255,Mariel,Mulheron,mmulheron72@webeden.co.uk,Female,0,0.83,0
256,Kermit,Schirach,kschirach73@edublogs.org,Male,0,1.64,1
257,Durward,Denington,ddenington74@jiathis.com,Male,1,0.7,1
258,Annaliese,Frost,afrost75@rambler.ru,Female,0,1.9,0
259,Clint,Shelborne,cshelborne76@domainmarket.com,Male,2,1.53,0
260,Verney,Stendall,vstendall77@moonfruit.com,Male,0,-0.06,1
261,Valina,Scarrisbrick,vscarrisbrick78@aol.com,Female,1,0.36,0
262,Pieter,Saile,psaile79@paypal.com,Male,1,-0.09,0
263,Alyss,Ganny,aganny7a@imgur.com,Female,0,-0.39,1
264,Jammal,Normabell,jnormabell7b@about.com,Male,1,1.12,1
265,Darryl,Hummerston,dhummerston7c@flickr.com,Female,2,1.09,1
266,Glenda,Sitford,gsitford7d@zimbio.com,Female,0,-0.53,0
267,Falkner,Salandino,fsalandino7e@example.com,Male,0,0.24,1
268,Norrie,Brumhead,nbrumhead7f@soup.io,Male,2,-1.02,1
269,Darb,Botwood,dbotwood7g@cdc.gov,Female,2,1.46,1
270,Kayley,McArte,kmcarte7h@wikispaces.com,Female,0,0.55,0
271,Annnora,Kier,akier7i@chron.com,Female,0,0.14,1
272,Spike,Battell,sbattell7j@businessweek.com,Male,0,-0.0,1
273,Wood,Hutfield,whutfield7k@psu.edu,Male,0,0.44,1
274,Joy,Chudleigh,jchudleigh7l@nymag.com,Female,0,0.12,1
275,Nessy,MacDonald,nmacdonald7m@blogger.com,Female,1,0.8,0
276,Gracia,Renfield,grenfield7n@newsvine.com,Female,2,1.74,1
277,Rora,Bacop,rbacop7o@studiopress.com,Female,0,1.04,1
278,Celine,Lomen,clomen7p@1688.com,Female,0,-0.06,1
279,Ailis,Stappard,astappard7q@foxnews.com,Female,1,0.95,1
280,Andreana,Kurth,akurth7r@marriott.com,Female,1,-0.31,1
281,Mitchael,Sheirlaw,msheirlaw7s@princeton.edu,Male,0,-0.98,0
282,Willabella,Defraine,wdefraine7t@howstuffworks.com,Female,0,1.64,1
283,Christabel,Senecaut,csenecaut7u@cnet.com,Female,0,1.86,0
284,Nikola,Dullingham,ndullingham7v@netlog.com,Male,0,2.03,0
285,Gonzales,Cracknall,gcracknall7w@youtu.be,Male,0,1.09,1
286,Emalia,Clews,eclews7x@thetimes.co.uk,Female,1,1.15,1
287,Antonio,Cauderlie,acauderlie7y@sakura.ne.jp,Male,0,1.17,1
288,Celestina,Plom,cplom7z@wikimedia.org,Female,1,-0.2,1
289,Linnea,Lucks,llucks80@prweb.com,Female,0,0.59,1
290,Lowrance,Falla,lfalla81@furl.net,Male,0,0.8,1
291,Claude,McMurray,cmcmurray82@deliciousdays.com,Female,0,1.49,1
292,Yolane,Fancutt,yfancutt83@hostgator.com,Female,1,-0.0,1
293,Vivyanne,Sproul,vsproul84@blogs.com,Female,0,1.56,0
294,Travis,Seaward,tseaward85@slashdot.org,Male,1,1.65,1
295,Jamie,Sandeman,jsandeman86@washingtonpost.com,Female,1,1.13,1
296,Julee,Ruggles,jruggles87@wordpress.com,Female,1,1.66,1
297,Amalita,Crosskill,acrosskill88@cbsnews.com,Female,0,1.5,1
298,Janeva,Sunnucks,jsunnucks89@lycos.com,Female,1,1.59,1
299,Nathalie,Rothman,nrothman8a@bloomberg.com,Female,0,0.17,1
300,Beverly,Spadotto,bspadotto8b@shareasale.com,Female,0,-0.85,1
301,Jeramie,Pimlock,jpimlock8c@ted.com,Male,1,-0.86,0
302,Sissie,Boriston,sboriston8d@hao123.com,Female,0,0.0,1
303,Darda,Caser,dcaser8e@eventbrite.com,Female,0,0.69,0
304,Allard,Warlock,awarlock8f@businessweek.com,Male,0,-1.73,1
305,Sheilakathryn,Coslitt,scoslitt8g@newyorker.com,Female,0,-1.51,1
306,Kriste,Brighouse,kbrighouse8h@buzzfeed.com,Female,1,1.01,1
307,Sarine,Lindeboom,slindeboom8i@parallels.com,Female,0,0.18,1
308,Luisa,Gentery,lgentery8j@acquirethisname.com,Female,2,1.09,0
309,Donielle,Lefort,dlefort8k@cdbaby.com,Female,0,0.54,0
310,Katrinka,Loughton,kloughton8l@hugedomains.com,Female,1,0.72,1
311,Abie,Wynrahame,awynrahame8m@trellian.com,Male,0,1.49,1
312,Wye,Kerrey,wkerrey8n@vistaprint.com,Male,2,2.63,1
313,Talia,Klaessen,tklaessen8o@last.fm,Female,0,0.2,1
314,Janelle,Hendin,jhendin8p@wordpress.com,Female,1,0.88,1
315,Ilyse,Gillbe,igillbe8q@epa.gov,Female,0,-0.24,0
316,Lavinie,Gillion,lgillion8r@dell.com,Female,2,1.4,1
317,Elmer,Pimlott,epimlott8s@loc.gov,Male,0,-0.56,0
318,Lauren,Wogan,lwogan8t@sun.com,Male,4,-0.21,0
319,Elton,Skerm,eskerm8u@jalbum.net,Male,0,2.61,0
320,Tana,Scard,tscard8v@hao123.com,Female,0,0.18,1
321,Yul,Clayhill,yclayhill8w@gizmodo.com,Male,1,1.79,0
322,Nikolos,O'Glassane,noglassane8x@quantcast.com,Male,0,3.04,0
323,Karola,Enterlein,kenterlein8y@squidoo.com,Female,1,1.05,1
324,Odell,Gilston,ogilston8z@shutterfly.com,Male,0,0.66,0
325,Marlow,Safhill,msafhill90@netvibes.com,Male,0,2.19,1
326,Flo,Gorst,fgorst91@webs.com,Female,0,0.05,1
327,Gaynor,Gent,ggent92@ning.com,Female,1,0.61,1
328,Bram,Feary,bfeary93@shareasale.com,Male,0,0.8,1
329,Pippa,Weiss,pweiss94@surveymonkey.com,Female,0,-0.11,1
330,Kile,Silbert,ksilbert95@fc2.com,Male,0,0.78,0
331,Inge,Barwise,ibarwise96@army.mil,Female,2,0.23,0
332,Laina,Thorne,lthorne97@usnews.com,Female,0,1.99,1
333,Amery,Issacov,aissacov98@gov.uk,Male,0,1.36,0
334,Lydia,Vamplers,lvamplers99@sohu.com,Female,0,-0.95,1
335,Rolf,Spurrier,rspurrier9a@goo.ne.jp,Male,1,1.52,1
336,Gian,Tunstall,gtunstall9b@myspace.com,Male,0,1.36,1
337,Evered,Milch,emilch9c@ucsd.edu,Male,0,-2.55,1
338,Charlene,Thridgould,cthridgould9d@linkedin.com,Female,1,0.57,0
339,Payton,Hastin,phastin9e@facebook.com,Male,1,-1.16,1
340,Karlan,Pullinger,kpullinger9f@webnode.com,Male,1,-0.67,0
341,Brigitta,McCreadie,bmccreadie9g@salon.com,Female,2,2.24,0
342,Hamish,Southouse,hsouthouse9h@github.io,Male,0,1.19,1
343,Gasper,Gorrick,ggorrick9i@hugedomains.com,Male,1,1.94,1
344,Dag,Thorington,dthorington9j@wisc.edu,Male,0,1.73,1
345,Jonathon,Huot,jhuot9k@virginia.edu,Male,2,-0.22,1
346,Hannah,Kilday,hkilday9l@noaa.gov,Female,1,0.12,1
347,Hersh,Rasper,hrasper9m@bing.com,Male,1,0.99,1
348,Cortie,Fenimore,cfenimore9n@sourceforge.net,Male,0,1.5,1
349,Alys,Vernall,avernall9o@cdbaby.com,Female,0,0.91,1
350,Elsy,Pedrol,epedrol9p@google.com.hk,Female,2,0.28,1
351,Pepito,Crosfield,pcrosfield9q@woothemes.com,Male,0,1.01,1
352,Kevin,North,knorth9r@ibm.com,Male,1,-0.91,0
353,Marybeth,Hustler,mhustler9s@spiegel.de,Female,1,1.7,0
354,Lutero,Seaton,lseaton9t@goodreads.com,Male,0,-1.52,0
355,Jaime,Quiney,jquiney9u@issuu.com,Female,2,1.54,0
356,Micheil,Ludlamme,mludlamme9v@comcast.net,Male,1,-1.78,0
357,Fraser,Jervoise,fjervoise9w@unblog.fr,Male,0,-1.19,0
358,Rad,Pantry,rpantry9x@posterous.com,Male,0,0.72,1
359,Michel,Crowson,mcrowson9y@gravatar.com,Male,1,-0.3,1
360,Vanda,Wink,vwink9z@icq.com,Female,0,-0.71,1
361,Terrance,Tankin,ttankina0@vk.com,Male,0,-2.1,0
362,Gwendolin,Labern,glaberna1@patch.com,Female,1,0.7,1
363,Rabbi,Hadlow,rhadlowa2@bandcamp.com,Male,0,0.1,0
364,Annmarie,Lemerie,alemeriea3@weibo.com,Female,1,2.08,0
365,Sada,Sidebotham,ssidebothama4@tuttocitta.it,Female,1,1.44,1
366,Arabella,Brouwer,abrouwera5@taobao.com,Female,2,2.08,0
367,Alysa,Emmert,aemmerta6@stumbleupon.com,Female,1,-1.22,0
368,Winifred,Billson,wbillsona7@dot.gov,Female,1,0.16,1
369,Jodi,Lamacraft,jlamacrafta8@uiuc.edu,Female,0,0.57,1
370,Ignazio,Iskov,iiskova9@adobe.com,Male,2,-1.61,0
371,Aurea,Whitham,awhithamaa@quantcast.com,Female,0,-1.6,1
372,Vinny,Wavell,vwavellab@bluehost.com,Female,1,1.13,0
373,Meredith,Beelby,mbeelbyac@dell.com,Female,0,1.52,1
374,Everett,Quene,equenead@booking.com,Male,1,1.13,0
375,Sabra,Bayley,sbayleyae@noaa.gov,Female,1,-0.81,0
376,Isadora,Rollings,irollingsaf@mysql.com,Female,0,1.92,1
377,Sherlock,Colbertson,scolbertsonag@youku.com,Male,0,0.88,0
378,Erek,Geeraert,egeeraertah@samsung.com,Male,0,0.58,1
379,Jedidiah,Maestrini,jmaestriniai@infoseek.co.jp,Male,0,2.52,1
380,Markus,Almon,malmonaj@huffingtonpost.com,Male,1,0.07,1
381,Irving,Lejeune,ilejeuneak@omniture.com,Male,2,0.27,1
382,Brendon,Downing,bdowningal@cdc.gov,Male,1,2.48,1
383,Nickey,Mulvey,nmulveyam@istockphoto.com,Male,0,1.76,1
384,Chrystal,Rosser,crosseran@com.com,Female,2,0.56,1
385,Ernestus,Otteridge,eotteridgeao@t.co,Male,2,1.14,1
386,Hilarius,Rouse,hrouseap@diigo.com,Male,0,1.52,1
387,Ange,Toulamain,atoulamainaq@house.gov,Male,0,1.68,1
388,Ulrika,Magowan,umagowanar@nature.com,Female,0,0.85,1
389,Rhoda,Ebdin,rebdinas@pagesperso-orange.fr,Female,1,-1.1,1
390,Hilary,Urian,hurianat@tuttocitta.it,Male,1,0.11,1
391,Karel,Geertsen,kgeertsenau@flavors.me,Female,0,1.0,1
392,Angelina,Routhorn,arouthornav@goodreads.com,Female,0,-0.34,1
393,Lenard,Barette,lbaretteaw@nationalgeographic.com,Male,0,1.36,1
394,Homerus,Sneyd,hsneydax@berkeley.edu,Male,1,0.66,1
395,Christabella,Cowdry,ccowdryay@cocolog-nifty.com,Female,1,-0.72,1
396,Dena,Arnatt,darnattaz@gmpg.org,Female,0,1.96,0
397,Felicdad,Sconce,fsconceb0@elpais.com,Female,0,0.76,1
398,Basilio,Varne,bvarneb1@woothemes.com,Male,1,0.2,1
399,Malina,Clendening,mclendeningb2@taobao.com,Female,0,-0.64,1
400,Rosalyn,Heck,rheckb3@diigo.com,Female,0,0.27,1
401,Cobb,Goldster,cgoldsterb4@springer.com,Male,0,-0.63,1
402,Elwood,Baudinet,ebaudinetb5@i2i.jp,Male,2,0.45,1
403,Ailis,Keppie,akeppieb6@ameblo.jp,Female,0,-1.85,1
404,Mohammed,Hardage,mhardageb7@craigslist.org,Male,0,-1.0,1
405,Candie,Nobes,cnobesb8@multiply.com,Female,0,1.77,1
406,Roby,Livesley,rlivesleyb9@posterous.com,Female,0,2.37,0
407,Janis,Tonner,jtonnerba@dmoz.org,Female,0,0.3,1
408,Helene,Newband,hnewbandbb@oakley.com,Female,0,0.84,1
409,Tine,Adolphine,tadolphinebc@cyberchimps.com,Female,1,-0.71,1
410,Dyane,Hoogendorp,dhoogendorpbd@nbcnews.com,Female,0,0.59,1
411,Hubert,Acom,hacombe@gov.uk,Male,1,0.52,1
412,Nicholle,Speaks,nspeaksbf@baidu.com,Female,2,0.75,1
413,Tallie,Gaitone,tgaitonebg@imdb.com,Male,0,-0.26,1
414,Sheila-kathryn,Jayume,sjayumebh@cargocollective.com,Female,1,0.49,1
415,Candie,Gavrieli,cgavrielibi@nationalgeographic.com,Female,0,-0.86,1
416,Ailina,Ourtic,aourticbj@netlog.com,Female,2,-0.57,0
417,Moses,Coxhead,mcoxheadbk@w3.org,Male,0,-0.18,1
418,Olivier,Renforth,orenforthbl@homestead.com,Male,0,-0.21,1
419,Nollie,Calliss,ncallissbm@ovh.net,Female,0,0.21,1
420,Dene,Armfirld,darmfirldbn@discovery.com,Male,1,1.58,0
421,Gan,Rimington,grimingtonbo@parallels.com,Male,2,0.84,0
422,Bertine,Curman,bcurmanbp@de.vu,Female,0,1.45,1
423,Carmela,Guiton,cguitonbq@pcworld.com,Female,0,0.44,0
424,Pen,Hanselman,phanselmanbr@ca.gov,Female,0,1.26,1
425,Padraic,Giacomello,pgiacomellobs@sohu.com,Male,1,-0.58,1
426,Agneta,Perry,aperrybt@elpais.com,Female,0,1.59,1
427,Donella,Binding,dbindingbu@friendfeed.com,Female,0,1.88,1
428,Ruthi,Sprulls,rsprullsbv@wsj.com,Female,3,2.89,1
429,Maddi,Jaulme,mjaulmebw@netscape.com,Female,3,1.08,1
430,Rollie,Assur,rassurbx@reference.com,Male,1,0.53,1
431,Gretna,Crocumbe,gcrocumbeby@sphinn.com,Female,1,0.04,0
432,Reginauld,Enden,rendenbz@thetimes.co.uk,Male,0,-0.38,0
433,Chrystel,Wolledge,cwolledgec0@cbslocal.com,Female,0,3.15,1
434,Vasily,Nobles,vnoblesc1@scientificamerican.com,Male,0,-0.72,1
435,Nicholle,Lodden,nloddenc2@angelfire.com,Female,1,0.77,1
436,Dusty,Tupie,dtupiec3@vk.com,Female,0,1.4,1
437,Iorgo,Saice,isaicec4@state.gov,Male,0,-1.1,1
438,Bliss,Marcinkus,bmarcinkusc5@facebook.com,Female,1,-0.42,0
439,Phineas,Woolrich,pwoolrichc6@ustream.tv,Male,1,-0.04,0
440,Bonita,Novis,bnovisc7@trellian.com,Female,0,1.31,0
441,Valerie,Seal,vsealc8@go.com,Female,3,0.12,1
442,Dominica,Defraine,ddefrainec9@imageshack.us,Female,1,-0.93,1
443,Lukas,Strickland,lstricklandca@google.ru,Male,0,0.85,1
444,Fonsie,Getcliffe,fgetcliffecb@comcast.net,Male,0,0.5,1
445,Nicholle,MacQuarrie,nmacquarriecc@ebay.co.uk,Female,0,-0.58,0
446,Ann,Creane,acreanecd@twitter.com,Female,0,1.96,1
447,Blakelee,Screwton,bscrewtonce@bloglines.com,Female,0,0.0,1
448,Davina,Angus,danguscf@wp.com,Female,0,0.0,1
449,Marney,Harcombe,mharcombecg@linkedin.com,Female,1,0.99,1
450,Cos,Twelve,ctwelvech@cafepress.com,Male,1,2.48,1
451,Chase,Aird,cairdci@si.edu,Male,0,1.11,1
452,Mahalia,Brockett,mbrockettcj@illinois.edu,Female,0,2.17,1
453,Kasey,Whinray,kwhinrayck@flickr.com,Female,2,-0.88,1
454,Cass,Kaszper,ckaszpercl@unc.edu,Female,0,0.93,1
455,Tamiko,Sinkinson,tsinkinsoncm@illinois.edu,Female,1,1.56,1
456,Allyce,Antonietti,aantonietticn@prnewswire.com,Female,1,0.6,0
457,Sibeal,Haker,shakerco@imdb.com,Female,1,-0.92,1
458,Gleda,Handrock,ghandrockcp@csmonitor.com,Female,0,2.46,1
459,Zaneta,Sammons,zsammonscq@usa.gov,Female,0,0.89,1
460,Emmott,Twopenny,etwopennycr@jigsy.com,Male,0,0.72,0
461,Even,Wodeland,ewodelandcs@sina.com.cn,Male,1,1.0,1
462,Baird,Eltringham,beltringhamct@wikipedia.org,Male,1,0.27,0
463,Stefania,Walls,swallscu@51.la,Female,1,0.51,1
464,Ole,Ruecastle,oruecastlecv@webnode.com,Male,1,-1.49,0
465,Teresa,Murie,tmuriecw@tmall.com,Female,0,0.48,1
466,Harwell,Dassindale,hdassindalecx@hexun.com,Male,0,0.31,1
467,Cordelie,Watson,cwatsoncy@microsoft.com,Female,0,1.92,0
468,Kaitlyn,Voelker,kvoelkercz@odnoklassniki.ru,Female,0,0.21,1
469,Jess,Caghan,jcaghand0@dagondesign.com,Male,1,-0.76,1
470,Milka,Othick,mothickd1@bing.com,Female,0,0.87,1
471,Zane,Abbet,zabbetd2@w3.org,Male,0,-0.53,1
472,Cherianne,Brunone,cbrunoned3@quantcast.com,Female,0,-0.19,1
473,Rosanne,Yoskowitz,ryoskowitzd4@illinois.edu,Female,2,-0.76,1
474,Tomkin,Blankley,tblankleyd5@youku.com,Male,1,0.39,1
475,Lynn,Farnorth,lfarnorthd6@feedburner.com,Male,0,0.83,1
476,Wakefield,Camelli,wcamellid7@seesaa.net,Male,0,1.61,1
477,Audre,Ramberg,arambergd8@squarespace.com,Female,0,0.46,0
478,Nedi,Munden,nmundend9@tumblr.com,Female,0,0.23,1
479,Vidovik,Canby,vcanbyda@jalbum.net,Male,1,0.47,1
480,Sib,Tidmas,stidmasdb@skype.com,Female,0,0.68,0
481,Conrado,Laux,clauxdc@latimes.com,Male,0,0.7,1
482,Arthur,Cathcart,acathcartdd@house.gov,Male,0,-0.86,0
483,Antoni,Lantry,alantryde@bravesites.com,Male,1,1.95,1
484,Verne,Allibon,vallibondf@mysql.com,Male,1,0.91,1
485,Conant,Beckinsall,cbeckinsalldg@vistaprint.com,Male,0,0.0,1
486,Jory,Stilly,jstillydh@salon.com,Male,0,0.8,1
487,Brendan,Dudgeon,bdudgeondi@thetimes.co.uk,Male,0,0.01,1
488,Alessandro,Krook,akrookdj@squarespace.com,Male,2,-0.6,0
489,Amelia,Ottley,aottleydk@wufoo.com,Female,1,2.07,1
490,Darline,Kleint,dkleintdl@hp.com,Female,0,0.8,0
491,Morna,Pisco,mpiscodm@go.com,Female,0,0.97,1
492,Ardelle,Boutellier,aboutellierdn@gnu.org,Female,1,0.16,1
493,Vite,Ivashnyov,vivashnyovdo@apache.org,Male,0,-0.26,1
494,Arin,Skivington,askivingtondp@reverbnation.com,Male,1,1.7,1
495,Lucina,Huntly,lhuntlydq@miitbeian.gov.cn,Female,0,-0.25,0
496,Nanni,Orrell,norrelldr@bigcartel.com,Female,0,1.13,1
497,Heddi,Tackes,htackesds@geocities.com,Female,0,1.68,0
498,Gunar,McGifford,gmcgifforddt@java.com,Male,2,0.6,1
499,Audrie,Steeples,asteeplesdu@cisco.com,Female,0,2.35,0
500,Baxter,Havard,bhavarddv@opensource.org,Male,0,1.42,1
501,Deva,Stirrup,dstirrupdw@marketwatch.com,Female,0,0.73,1
502,Licha,Gary,lgarydx@shareasale.com,Female,2,0.32,1
503,Graehme,Parncutt,gparncuttdy@apache.org,Male,1,0.41,1
504,Robin,Christofol,rchristofoldz@angelfire.com,Female,0,0.56,1
505,Ambrose,Scaice,ascaicee0@wordpress.com,Male,0,-0.42,1
506,Ianthe,Anthona,ianthonae1@archive.org,Female,0,0.69,1
507,Archaimbaud,Hartus,ahartuse2@bloglines.com,Male,0,0.15,1
508,Nomi,Marrable,nmarrablee3@bing.com,Female,0,-0.1,1
509,Gibb,Ramsden,gramsdene4@army.mil,Male,0,-0.14,1
510,Christiana,Cardiff,ccardiffe5@tumblr.com,Female,0,0.07,0
511,Desmond,Heggadon,dheggadone6@cnbc.com,Male,3,0.34,1
512,Greggory,Khosa,gkhosae7@1688.com,Male,2,-0.29,0
513,Bride,Bentinck,bbentincke8@nytimes.com,Female,0,0.53,1
514,Farlie,Speedy,fspeedye9@people.com.cn,Male,1,0.79,1
515,Lazar,Carrodus,lcarrodusea@wiley.com,Male,1,-1.05,1
516,Lou,Josowitz,ljosowitzeb@baidu.com,Female,0,1.85,1
517,Alf,MacCarter,amaccarterec@wikispaces.com,Male,0,0.74,1
518,Jordan,Gillbee,jgillbeeed@myspace.com,Female,0,-0.14,1
519,Sawyer,Brennand,sbrennandee@1und1.de,Male,0,1.04,1
520,Christan,Woodus,cwoodusef@biblegateway.com,Female,1,1.33,0
521,Tiffi,MacCafferky,tmaccafferkyeg@mit.edu,Female,2,-0.56,1
522,Josie,Vellacott,jvellacotteh@washingtonpost.com,Female,0,0.98,1
523,Tamarra,Grisedale,tgrisedaleei@umn.edu,Female,0,0.69,1
524,Hort,Burlingame,hburlingameej@soundcloud.com,Male,0,0.25,1
525,Elvyn,Peggrem,epeggremek@npr.org,Male,0,0.53,1
526,Ceil,Foli,cfoliel@google.com.hk,Female,1,2.93,1
527,Reeta,Danigel,rdanigelem@123-reg.co.uk,Female,4,-0.51,1
528,Jackson,Evangelinos,jevangelinosen@mlb.com,Male,0,-0.32,0
529,Barnabas,Mirfin,bmirfineo@craigslist.org,Male,0,-0.07,1
530,Peter,Edmund,pedmundep@sun.com,Male,0,-0.51,1
531,Wake,Leggate,wleggateeq@a8.net,Male,0,1.35,1
532,Madison,Dahler,mdahlerer@e-recht24.de,Male,2,-1.93,1
533,Bartram,Timmens,btimmenses@ox.ac.uk,Male,0,1.01,1
534,Maighdiln,Castellucci,mcastellucciet@accuweather.com,Female,2,1.02,1
535,Raoul,Berzons,rberzonseu@ftc.gov,Male,0,0.17,0
536,Reg,Eustis,reustisev@aol.com,Male,0,0.16,1
537,Elvyn,Spohrmann,espohrmannew@cornell.edu,Male,0,-0.2,1
538,Hilliard,Choupin,hchoupinex@storify.com,Male,0,-0.77,1
539,Francis,Geri,fgeriey@omniture.com,Male,0,1.34,0
540,Jandy,Coatman,jcoatmanez@oakley.com,Female,1,2.25,1
541,Marcus,Bodemeaid,mbodemeaidf0@slideshare.net,Male,0,1.48,1
542,Town,Cotsford,tcotsfordf1@free.fr,Male,0,1.82,1
543,Alford,Woolfenden,awoolfendenf2@umich.edu,Male,0,-0.93,1
544,Ricardo,Kloser,rkloserf3@multiply.com,Male,0,2.87,0
545,Lazaro,Guilleton,lguilletonf4@privacy.gov.au,Male,0,-0.18,0
546,Paquito,Pitt,ppittf5@csmonitor.com,Male,0,2.16,1
547,Ruddie,Clancy,rclancyf6@ehow.com,Male,0,-0.12,1
548,Mal,Kitlee,mkitleef7@domainmarket.com,Male,2,-0.64,1
549,Kiley,Chopin,kchopinf8@nps.gov,Female,1,-0.36,1
550,Gabriella,Drews,gdrewsf9@paginegialle.it,Female,1,-1.11,1
551,Tito,Glasspoole,tglasspoolefa@spotify.com,Male,1,0.46,1
552,Alfy,Kimmerling,akimmerlingfb@jiathis.com,Female,0,1.83,1
553,Oliver,Eagleton,oeagletonfc@dropbox.com,Male,1,1.83,1
554,Welsh,Nelson,wnelsonfd@arstechnica.com,Male,0,1.94,0
555,Sholom,Boissieux,sboissieuxfe@home.pl,Male,0,-0.12,1
556,Winslow,Whiteman,wwhitemanff@moonfruit.com,Male,1,0.62,1
557,Mirabella,Greet,mgreetfg@chronoengine.com,Female,0,-0.01,1
558,Allin,Bernakiewicz,abernakiewiczfh@posterous.com,Male,1,-0.6,1
559,Constance,Chesshire,cchesshirefi@mtv.com,Female,1,0.36,1
560,Linell,Simkin,lsimkinfj@opera.com,Female,0,-0.05,0
561,Lauren,Parade,lparadefk@cafepress.com,Male,0,0.7,1
562,Dalia,Peyntue,dpeyntuefl@photobucket.com,Female,1,0.45,0
563,Sallee,Zanolli,szanollifm@abc.net.au,Female,2,0.29,1
564,Tamma,Sheere,tsheerefn@imgur.com,Female,2,0.89,1
565,Merrily,Pund,mpundfo@pbs.org,Female,0,0.07,1
566,Seymour,Yegorkov,syegorkovfp@twitpic.com,Male,1,0.43,1
567,Darcee,Danilin,ddanilinfq@engadget.com,Female,0,0.18,1
568,Artur,Cubbin,acubbinfr@jugem.jp,Male,0,1.35,1
569,Tine,Snipe,tsnipefs@examiner.com,Female,0,-1.16,0
570,Gare,enzley,genzleyft@infoseek.co.jp,Male,0,2.37,0
571,Basilius,Klesse,bklessefu@hc360.com,Male,0,0.21,1
572,Benedetta,Latour,blatourfv@slashdot.org,Female,0,0.17,1
573,Gare,Seilmann,gseilmannfw@qq.com,Male,0,-0.62,1
574,Darcy,Amdohr,damdohrfx@simplemachines.org,Female,0,-0.47,1
575,Barbara-anne,Doggett,bdoggettfy@feedburner.com,Female,0,2.8,1
576,Dionne,Ainsley,dainsleyfz@cbc.ca,Female,0,0.71,0
577,Margy,D'Ugo,mdugog0@smugmug.com,Female,1,0.82,1
578,Willamina,Deroche,wderocheg1@gov.uk,Female,0,0.25,1
579,Kenyon,Prickett,kprickettg2@slate.com,Male,0,0.66,0
580,Margaretha,Devonport,mdevonportg3@xrea.com,Female,0,1.59,1
581,Galvin,Peye,gpeyeg4@cisco.com,Male,0,1.46,1
582,Claude,Whiskin,cwhisking5@digg.com,Female,2,0.53,1
583,Gavra,Adshead,gadsheadg6@rediff.com,Female,1,0.86,1
584,Kaycee,Witz,kwitzg7@deviantart.com,Female,0,0.23,1
585,Chadwick,Savine,csavineg8@jiathis.com,Male,2,2.01,0
586,Fay,Sworder,fsworderg9@nytimes.com,Female,0,1.91,1
587,Theo,Excell,texcellga@i2i.jp,Male,0,-0.53,0
588,Nonie,Trewartha,ntrewarthagb@ox.ac.uk,Female,0,1.72,1
589,Aurea,Dureden,aduredengc@free.fr,Female,1,1.62,0
590,Rodolfo,Bridgens,rbridgensgd@wired.com,Male,0,2.74,0
591,Herminia,Fairham,hfairhamge@vkontakte.ru,Female,0,-0.13,1
592,Jeremiah,Nassau,jnassaugf@deliciousdays.com,Male,1,1.16,1
593,Duffie,Harbinson,dharbinsongg@dyndns.org,Male,1,1.5,1
594,Vivia,Luttger,vluttgergh@goodreads.com,Female,0,0.15,1
595,Benedick,Brayson,bbraysongi@eepurl.com,Male,0,2.27,1
596,Trey,Sterling,tsterlinggj@guardian.co.uk,Male,0,-1.09,0
597,Benji,Stait,bstaitgk@blogspot.com,Male,0,1.21,1
598,Foss,Mac Geaney,fmacgeaneygl@nymag.com,Male,0,0.28,1
599,Pauletta,Scatcher,pscatchergm@europa.eu,Female,1,1.17,1
600,Elysha,Ramsbotham,eramsbothamgn@squarespace.com,Female,0,-0.55,0
601,Edgardo,Burgoine,eburgoinego@ucoz.ru,Male,0,2.18,1
602,Madge,Jurs,mjursgp@examiner.com,Female,1,1.33,1
603,Constantin,McCrory,cmccrorygq@zdnet.com,Male,0,0.44,0
604,Amandy,Nurcombe,anurcombegr@bravesites.com,Female,1,-0.96,1
605,Celesta,Rearie,creariegs@cargocollective.com,Female,0,-1.63,1
606,Kinnie,Reiner,kreinergt@bluehost.com,Male,1,-0.47,1
607,Lefty,Pennacci,lpennaccigu@businessinsider.com,Male,0,-2.17,1
608,Far,Adamolli,fadamolligv@uol.com.br,Male,0,0.33,1
609,Celene,Oblein,cobleingw@squidoo.com,Female,0,-0.34,1
610,Ambrosi,Poulney,apoulneygx@issuu.com,Male,0,1.72,1
611,Trip,Killcross,tkillcrossgy@ihg.com,Male,0,2.08,0
612,Eleen,Shiels,eshielsgz@seesaa.net,Female,3,0.22,1
613,Cairistiona,Crimes,ccrimesh0@tiny.cc,Female,0,-0.85,0
614,Hilton,Downer,hdownerh1@amazon.com,Male,0,2.09,1
615,Morten,Tracy,mtracyh2@mit.edu,Male,0,1.52,0
616,Wilmette,Emberson,wembersonh3@cnn.com,Female,0,0.64,1
617,Garrard,Dudenie,gdudenieh4@usda.gov,Male,0,-0.46,0
618,Jacques,Sabattier,jsabattierh5@marriott.com,Male,0,-0.86,1
619,Halsey,Purdy,hpurdyh6@ted.com,Male,1,-0.64,1
620,Leticia,Corragan,lcorraganh7@soup.io,Female,0,1.1,1
621,Corny,Layburn,clayburnh8@addthis.com,Female,1,1.35,1
622,Stacie,Ferroni,sferronih9@ask.com,Female,0,-0.09,1
623,Alexa,Hatherill,ahatherillha@unc.edu,Female,0,-1.37,1
624,Jacob,Dennington,jdenningtonhb@spotify.com,Male,2,0.19,1
625,Angelle,Gymblett,agymbletthc@wired.com,Female,0,1.02,1
626,Yancy,Carlyle,ycarlylehd@nydailynews.com,Male,0,-0.77,1
627,Marshal,Olivas,molivashe@sciencedaily.com,Male,3,0.39,0
628,Jason,Sisse,jsissehf@dailymotion.com,Male,0,-0.16,1
629,Winona,Bravey,wbraveyhg@squarespace.com,Female,0,1.71,1
630,Jordana,Jellico,jjellicohh@nytimes.com,Female,1,0.76,1
631,Billye,Gori,bgorihi@ed.gov,Female,0,1.09,1
632,Miranda,Melburg,mmelburghj@tripod.com,Female,1,0.63,1
633,Marchall,Brychan,mbrychanhk@buzzfeed.com,Male,0,-1.04,1
634,Hildegarde,Brumby,hbrumbyhl@timesonline.co.uk,Female,0,0.77,0
635,Erinna,Lace,elacehm@comcast.net,Female,0,0.67,1
636,Marlon,Bayliss,mbaylisshn@nationalgeographic.com,Male,1,0.7,1
637,Giacomo,Brandenburg,gbrandenburgho@bravesites.com,Male,0,1.81,1
638,Johnette,Kubista,jkubistahp@addtoany.com,Female,0,0.92,1
639,Pietra,Maxwell,pmaxwellhq@barnesandnoble.com,Female,2,0.03,0
640,Bonni,Fusco,bfuscohr@webs.com,Female,1,0.72,1
641,Olimpia,Screeton,oscreetonhs@livejournal.com,Female,0,1.71,1
642,Nata,Jeacock,njeacockht@amazonaws.com,Female,1,1.2,0
643,Carmencita,Cleaveland,ccleavelandhu@icq.com,Female,1,0.85,0
644,Pennie,Blastock,pblastockhv@dedecms.com,Male,0,-0.46,1
645,Cecily,Tassaker,ctassakerhw@flickr.com,Female,0,1.03,1
646,Tildi,Beininck,tbeininckhx@istockphoto.com,Female,0,1.48,1
647,Corenda,Matteucci,cmatteuccihy@ucsd.edu,Female,1,0.33,1
648,Hamlen,Jull,hjullhz@harvard.edu,Male,2,0.03,1
649,Mora,Posselwhite,mposselwhitei0@washington.edu,Female,0,0.05,1
650,Nadya,Braffington,nbraffingtoni1@theatlantic.com,Female,2,0.18,1
651,Tremaine,Cornelisse,tcornelissei2@va.gov,Male,1,1.71,1
652,Jessa,Colborn,jcolborni3@altervista.org,Female,1,-0.13,1
653,Linn,Leadston,lleadstoni4@prlog.org,Male,0,-1.52,1
654,Syman,Echalie,sechaliei5@ebay.co.uk,Male,0,0.56,0
655,Brigida,Kachel,bkacheli6@123-reg.co.uk,Female,0,-0.33,1
656,Aluino,Deble,adeblei7@latimes.com,Male,1,1.76,1
657,Saundra,Girardez,sgirardezi8@globo.com,Male,3,1.84,1
658,Dacy,Olding,doldingi9@tamu.edu,Female,1,1.09,1
659,Siward,Weal,swealia@netlog.com,Male,0,1.08,1
660,Clywd,Ivory,civoryib@earthlink.net,Male,1,1.92,1
661,Adams,Krochmann,akrochmannic@hostgator.com,Male,0,1.57,1
662,Dacy,Targett,dtargettid@indiegogo.com,Female,1,1.22,1
663,Fleming,Glynne,fglynneie@nps.gov,Male,1,-0.46,1
664,Mel,Robison,mrobisonif@tmall.com,Male,0,1.76,0
665,Sullivan,Dowber,sdowberig@list-manage.com,Male,1,1.02,0
666,Kurtis,Geraghty,kgeraghtyih@who.int,Male,0,-0.41,1
667,Lindsay,Izac,lizacii@statcounter.com,Female,0,0.34,1
668,Cal,Kidsley,ckidsleyij@java.com,Female,0,0.25,1
669,Rasla,Oulett,roulettik@geocities.com,Female,0,1.66,0
670,Candace,Milroy,cmilroyil@symantec.com,Female,0,0.16,1
671,Shena,Najara,snajaraim@engadget.com,Female,0,1.54,1
672,Quintus,Traviss,qtravissin@fotki.com,Male,0,1.75,1
673,Clevie,Fraanchyonok,cfraanchyonokio@alibaba.com,Male,0,2.29,0
674,Kore,Beebe,kbeebeip@mac.com,Female,0,1.5,0
675,Tiffy,Jullian,tjullianiq@mit.edu,Female,0,1.28,1
676,Benni,Labone,blaboneir@walmart.com,Female,1,1.21,0
677,Evania,Fenix,efenixis@unblog.fr,Female,1,-0.43,1
678,Yance,Eannetta,yeannettait@vkontakte.ru,Male,0,1.23,1
679,Aubrey,Widdocks,awiddocksiu@narod.ru,Female,0,-0.14,1
680,Gauthier,Danbi,gdanbiiv@japanpost.jp,Male,0,2.19,1
681,Cristy,Aarons,caaronsiw@huffingtonpost.com,Female,0,0.63,0
682,Emmi,Kee,ekeeix@shutterfly.com,Female,1,0.46,1
683,Curt,Boycott,cboycottiy@independent.co.uk,Male,0,0.03,1
684,Pamela,Holgan,pholganiz@latimes.com,Female,0,-0.05,0
685,Fredric,Cammish,fcammishj0@buzzfeed.com,Male,0,1.74,1
686,Ado,Auchterlony,aauchterlonyj1@geocities.jp,Male,1,1.02,1
687,Godfrey,Barradell,gbarradellj2@blogger.com,Male,0,-0.44,0
688,Dolley,Pybus,dpybusj3@webnode.com,Female,1,1.8,1
689,Claudetta,Petren,cpetrenj4@a8.net,Female,2,-0.33,1
690,Drusy,Goodbarne,dgoodbarnej5@dailymotion.com,Female,0,1.35,1
691,Kaleena,Aleevy,kaleevyj6@slashdot.org,Female,0,-1.44,1
692,Durand,Bickardike,dbickardikej7@ehow.com,Male,0,-1.28,1
693,Rochester,Bastie,rbastiej8@tripod.com,Male,2,0.32,1
694,Misha,Studdal,mstuddalj9@biblegateway.com,Female,1,0.56,1
695,Ricki,D' Angelo,rdangeloja@vk.com,Male,0,1.64,0
696,Marion,Tomenson,mtomensonjb@senate.gov,Male,1,1.45,1
697,Meyer,Duckham,mduckhamjc@telegraph.co.uk,Male,0,0.36,1
698,Caressa,Diloway,cdilowayjd@homestead.com,Female,0,0.69,1
699,Chance,Oppie,coppieje@mapquest.com,Male,2,0.38,1
700,Ruthy,Lincoln,rlincolnjf@ow.ly,Female,0,1.03,1
701,Shepard,Romeuf,sromeufjg@ft.com,Male,1,-1.65,1
702,Bee,Cabble,bcabblejh@etsy.com,Female,0,1.41,1
703,Harriette,Speight,hspeightji@smh.com.au,Female,1,2.14,1
704,Marcus,Kiff,mkiffjj@hhs.gov,Male,0,1.21,1
705,Jannelle,Pinilla,jpinillajk@dot.gov,Female,1,0.66,1
706,Nedda,Crampin,ncrampinjl@salon.com,Female,0,1.58,1
707,Dorie,Drissell,ddrisselljm@techcrunch.com,Male,0,1.96,1
708,Winnie,Walburn,wwalburnjn@java.com,Female,1,1.68,1
709,Glen,Cellone,gcellonejo@home.pl,Female,0,1.09,0
710,Ulrich,Saiens,usaiensjp@smugmug.com,Male,0,2.2,0
711,Laurene,Sabates,lsabatesjq@miitbeian.gov.cn,Female,3,0.97,1
712,Alisa,Breakspear,abreakspearjr@quantcast.com,Female,1,-0.54,1
713,Mar,Rootes,mrootesjs@amazon.co.jp,Male,0,1.11,1
714,Dolorita,Di Ruggiero,ddiruggierojt@disqus.com,Female,0,-0.29,1
715,Bernie,Randlesome,brandlesomeju@booking.com,Female,1,0.8,1
716,Anthiathia,Giblin,agiblinjv@yelp.com,Female,2,1.09,0
717,Pamela,Sutherley,psutherleyjw@mozilla.org,Female,0,0.99,0
718,Anjela,Nuth,anuthjx@jimdo.com,Female,1,0.56,1
719,Lotty,Brockie,lbrockiejy@addthis.com,Female,0,0.03,1
720,Sarah,Stook,sstookjz@blogs.com,Female,0,0.87,1
721,Catherine,Holttom,cholttomk0@jigsy.com,Female,0,0.17,1
722,Mathias,Danko,mdankok1@tinyurl.com,Male,1,0.33,0
723,Monty,Telega,mtelegak2@whitehouse.gov,Male,1,2.42,1
724,Pace,Pennick,ppennickk3@psu.edu,Male,1,0.49,0
725,Lonni,Seelbach,lseelbachk4@blogger.com,Female,0,-0.57,0
726,Darren,Airth,dairthk5@stumbleupon.com,Male,0,-0.31,0
727,Margeaux,Quinet,mquinetk6@paginegialle.it,Female,1,0.2,0
728,Luise,Brazur,lbrazurk7@wix.com,Female,1,0.1,1
729,Rosmunda,McLean,rmcleank8@state.tx.us,Female,0,1.5,0
730,Yardley,Humbles,yhumblesk9@hostgator.com,Male,0,-1.24,0
731,Mitchell,Mc Elory,mmceloryka@reuters.com,Male,0,0.86,1
732,Avis,Matyas,amatyaskb@tamu.edu,Female,1,2.34,1
733,Micaela,Keiling,mkeilingkc@oakley.com,Female,0,0.19,1
734,Karleen,Nulty,knultykd@ucoz.com,Female,1,0.71,0
735,Lee,Alebrooke,lalebrookeke@oracle.com,Female,0,0.09,0
736,Garrott,Lodder,glodderkf@bloomberg.com,Male,0,-0.41,1
737,Alia,Orcott,aorcottkg@independent.co.uk,Female,0,-0.46,0
738,Lanie,Gainsburgh,lgainsburghkh@walmart.com,Male,2,3.33,1
739,Tabitha,Batcheldor,tbatcheldorki@google.fr,Female,1,0.79,1
740,Billie,Erratt,berrattkj@slashdot.org,Male,0,2.12,1
741,Camellia,Swarbrick,cswarbrickkk@liveinternet.ru,Female,2,0.03,1
742,Dal,Whitnall,dwhitnallkl@chicagotribune.com,Male,2,0.91,0
743,Koral,MacIntosh,kmacintoshkm@census.gov,Female,0,-0.44,0
744,Carree,Gaskarth,cgaskarthkn@yahoo.com,Female,0,0.23,1
745,Mathe,Stackbridge,mstackbridgeko@devhub.com,Male,0,0.3,0
746,Pip,Oliver-Paull,poliverpaullkp@ibm.com,Male,2,1.55,1
747,Clemmie,Kimmons,ckimmonskq@cafepress.com,Female,2,1.45,0
748,Dora,Kernley,dkernleykr@storify.com,Female,1,0.49,1
749,Ario,Cookney,acookneyks@house.gov,Male,0,0.03,1
750,Boote,Diggle,bdigglekt@ow.ly,Male,0,0.56,0
751,Conan,Fulloway,cfullowayku@hhs.gov,Male,2,0.3,1
752,Skipper,Moylan,smoylankv@zdnet.com,Male,1,-0.01,1
753,May,Steptowe,msteptowekw@wp.com,Female,0,-0.81,1
754,Maryrose,Le Marquand,mlemarquandkx@unc.edu,Female,0,1.62,0
755,Lezley,Gillespie,lgillespieky@nbcnews.com,Male,0,-0.1,0
756,Glenn,Dillinton,gdillintonkz@xrea.com,Female,0,0.37,1
757,Colene,Dymock,cdymockl0@gizmodo.com,Female,1,-0.54,1
758,Les,Smieton,lsmietonl1@freewebs.com,Male,1,-0.43,1
759,Vannie,Broek,vbroekl2@artisteer.com,Female,3,-0.89,1
760,Ingemar,Bullar,ibullarl3@blinklist.com,Male,1,-0.71,1
761,Collin,Krolle,ckrollel4@springer.com,Male,0,-0.67,1
762,Kerianne,Keedy,kkeedyl5@timesonline.co.uk,Female,0,1.49,1
763,Northrup,Oger,nogerl6@businessweek.com,Male,0,0.64,1
764,Putnam,Wreiford,pwreifordl7@netscape.com,Male,0,0.98,1
765,Herby,Keinrat,hkeinratl8@irs.gov,Male,0,2.11,1
766,Brett,Gonning,bgonningl9@liveinternet.ru,Male,0,-0.46,1
767,Maurie,Bownas,mbownasla@geocities.com,Male,0,-0.27,1
768,Brent,Johannesson,bjohannessonlb@latimes.com,Male,0,1.58,0
769,Gustave,Bompas,gbompaslc@networkadvertising.org,Male,1,0.04,1
770,Trescha,Dannell,tdannellld@tumblr.com,Female,0,2.36,1
771,Alvie,Sawkin,asawkinle@google.co.uk,Male,0,0.27,1
772,Kizzie,Garrit,kgarritlf@wunderground.com,Female,0,1.51,1
773,Harry,Planke,hplankelg@independent.co.uk,Male,0,-0.33,1
774,Karisa,O'Flannery,koflannerylh@zimbio.com,Female,0,-0.82,0
775,Prissie,Flode,pflodeli@gravatar.com,Female,0,0.94,1
776,Brandea,MacCoughan,bmaccoughanlj@netvibes.com,Female,2,1.59,1
777,Perren,Maggill'Andreis,pmaggillandreislk@yahoo.com,Male,0,0.06,0
778,Park,Dolohunty,pdolohuntyll@wordpress.org,Male,0,0.44,0
779,Johny,Barthot,jbarthotlm@google.co.jp,Male,0,1.17,1
780,Floris,Medgewick,fmedgewickln@forbes.com,Female,0,-0.2,0
781,Tracy,Flipek,tflipeklo@dagondesign.com,Female,0,-1.03,1
782,Janet,Dymott,jdymottlp@adobe.com,Female,0,0.11,1
783,Allayne,Langthorne,alangthornelq@tinyurl.com,Male,0,1.34,1
784,Riordan,Grigoryov,rgrigoryovlr@noaa.gov,Male,0,1.17,0
785,Hardy,Dureden,hduredenls@netvibes.com,Male,0,1.3,1
786,Mac,Staddart,mstaddartlt@state.gov,Male,0,-0.62,1
787,Antons,Daunay,adaunaylu@alibaba.com,Male,0,1.76,1
788,Starlene,Crimp,scrimplv@admin.ch,Female,1,0.65,1
789,Ronica,Mathiassen,rmathiassenlw@thetimes.co.uk,Female,1,0.77,1
790,Ignatius,Hankin,ihankinlx@prnewswire.com,Male,0,0.6,1
791,Dasie,Barrus,dbarrusly@weather.com,Female,1,1.14,1
792,Kellia,Obbard,kobbardlz@boston.com,Female,0,1.64,1
793,Chase,Bouzek,cbouzekm0@example.com,Male,2,1.22,1
794,Delainey,Grimbaldeston,dgrimbaldestonm1@admin.ch,Male,2,-0.24,0
795,Ulrica,Kempston,ukempstonm2@de.vu,Female,1,1.45,0
796,Celinka,Glanton,cglantonm3@ted.com,Female,0,0.18,1
797,Ivory,Braunthal,ibraunthalm4@mapquest.com,Female,1,-1.02,1
798,Kamillah,Loughren,kloughrenm5@dedecms.com,Female,0,1.28,1
799,Noah,Kimm,nkimmm6@kickstarter.com,Male,0,0.72,1
800,Janelle,MacGlory,jmacglorym7@soup.io,Female,0,1.33,0
801,Jaymie,Birmingham,jbirminghamm8@edublogs.org,Male,0,1.07,0
802,Gianna,Ofen,gofenm9@wired.com,Female,0,0.98,0
803,Will,Mariaud,wmariaudma@weebly.com,Male,1,0.22,1
804,Lombard,Sulman,lsulmanmb@plala.or.jp,Male,0,-0.44,1
805,Davie,Deards,ddeardsmc@goodreads.com,Male,0,0.38,1
806,Ediva,Briatt,ebriattmd@army.mil,Female,2,1.33,1
807,Derry,Brotherheed,dbrotherheedme@shutterfly.com,Male,0,3.88,1
808,Wolfy,Spir,wspirmf@samsung.com,Male,1,0.15,1
809,Freedman,Cornu,fcornumg@mayoclinic.com,Male,0,-0.63,1
810,Keene,Brundle,kbrundlemh@slideshare.net,Male,0,0.13,0
811,Carleton,Milhench,cmilhenchmi@theatlantic.com,Male,0,-0.63,1
812,Deidre,Cattellion,dcattellionmj@thetimes.co.uk,Female,0,0.39,1
813,Ashlin,Ramlot,aramlotmk@yahoo.com,Male,1,0.99,1
814,Frannie,Meneur,fmeneurml@forbes.com,Female,0,0.51,1
815,Willie,Evennett,wevennettmm@blogger.com,Male,2,3.21,0
816,Elliot,Scurrah,escurrahmn@scientificamerican.com,Male,0,-0.07,1
817,Karalynn,Baselli,kbasellimo@deliciousdays.com,Female,0,-1.82,1
818,Glynda,Esberger,gesbergermp@eepurl.com,Female,0,-0.33,0
819,Huberto,Veazey,hveazeymq@redcross.org,Male,1,0.03,1
820,Benedicto,Crozier,bcroziermr@abc.net.au,Male,0,0.81,1
821,Danie,Buie,dbuiems@msu.edu,Male,0,-0.1,1
822,Quintus,Jowitt,qjowittmt@springer.com,Male,0,0.41,1
823,Delmer,Patterfield,dpatterfieldmu@nature.com,Male,1,-0.35,1
824,Barron,Ogley,bogleymv@patch.com,Male,0,0.98,1
825,Mari,Rapley,mrapleymw@hugedomains.com,Female,0,-0.55,1
826,Josselyn,Ralestone,jralestonemx@oracle.com,Female,2,0.65,1
827,Niko,Bortolotti,nbortolottimy@fema.gov,Male,1,1.29,1
828,Griffy,Saltrese,gsaltresemz@unc.edu,Male,0,1.17,1
829,Fidelia,Tarplee,ftarpleen0@vistaprint.com,Female,1,1.3,1
830,Lizzie,Wickes,lwickesn1@zimbio.com,Female,0,1.07,1
831,Martyn,Seid,mseidn2@etsy.com,Male,0,0.26,1
832,Moselle,Windross,mwindrossn3@cisco.com,Female,0,-0.12,1
833,Kaile,De Blasio,kdeblasion4@loc.gov,Female,0,1.56,1
834,Naoma,Stains,nstainsn5@un.org,Female,1,0.79,1
835,Gwynne,Hurt,ghurtn6@posterous.com,Female,0,0.95,1
836,Faina,Vertigan,fvertigann7@bbc.co.uk,Female,1,-0.47,0
837,Boycie,Cowpland,bcowplandn8@accuweather.com,Male,1,2.16,1
838,Fairlie,Kopfer,fkopfern9@networksolutions.com,Male,0,1.64,1
839,Eadith,MacDermid,emacdermidna@istockphoto.com,Female,3,0.74,1
840,Ode,McCaffery,omccafferynb@a8.net,Male,1,1.48,1
841,Waiter,Ponton,wpontonnc@mit.edu,Male,1,0.41,1
842,Junia,Conner,jconnernd@typepad.com,Female,1,-0.48,1
843,Petronia,Burnsell,pburnsellne@youtu.be,Female,1,1.74,1
844,Leona,Krook,lkrooknf@booking.com,Female,0,-1.0,1
845,Dorry,Maffulli,dmaffulling@nba.com,Female,0,-0.91,1
846,Lolita,O'Dowling,lodowlingnh@chron.com,Female,1,1.03,1
847,Corly,Von Welden,cvonweldenni@newsvine.com,Female,0,0.66,1
848,Elfreda,Deware,edewarenj@vk.com,Female,1,2.22,1
849,Masha,Boanas,mboanasnk@oakley.com,Female,1,-0.83,1
850,Monique,Graine,mgrainenl@t.co,Female,2,3.52,1
851,Anderea,Liddyard,aliddyardnm@list-manage.com,Female,0,0.47,1
852,Lamond,Dawby,ldawbynn@tiny.cc,Male,0,0.14,1
853,Kylen,Sam,ksamno@scribd.com,Female,0,0.84,1
854,Josi,Skep,jskepnp@fastcompany.com,Female,1,-0.46,1
855,Ozzie,Imlen,oimlennq@blog.com,Male,0,-0.08,1
856,Emmery,Gocke,egockenr@symantec.com,Male,0,0.54,1
857,Lars,Puttan,lputtanns@jalbum.net,Male,0,-0.73,1
858,Emylee,Fenlon,efenlonnt@cbsnews.com,Female,0,1.72,1
859,Diena,Fuchs,dfuchsnu@chronoengine.com,Female,2,0.75,1
860,Arch,Fishleigh,afishleighnv@edublogs.org,Male,1,0.77,1
861,Jeniffer,Mealiffe,jmealiffenw@europa.eu,Female,0,0.22,1
862,Valerye,Server,vservernx@livejournal.com,Female,0,0.98,1
863,Mercedes,Gilliard,mgilliardny@mtv.com,Female,0,-0.09,1
864,Ludvig,Bainton,lbaintonnz@skype.com,Male,1,-0.27,1
865,Tabatha,Arpur,tarpuro0@imdb.com,Female,0,0.22,1
866,Cody,Cammacke,ccammackeo1@nsw.gov.au,Female,1,0.51,1
867,Faina,Guille,fguilleo2@engadget.com,Female,2,-0.37,1
868,Dill,Ridsdell,dridsdello3@de.vu,Male,1,-0.14,1
869,Vernen,Daspar,vdasparo4@gizmodo.com,Male,0,0.26,0
870,Prinz,Brinkman,pbrinkmano5@google.co.jp,Male,1,-0.44,0
871,Dirk,McArthur,dmcarthuro6@answers.com,Male,0,1.33,1
872,Sofie,Porch,sporcho7@chron.com,Female,1,-0.57,1
873,Anica,Bithell,abithello8@amazon.co.jp,Female,0,1.11,1
874,Bruis,Roffey,broffeyo9@nymag.com,Male,0,0.37,1
875,Emmey,Lakenton,elakentonoa@shinystat.com,Female,0,-1.2,1
876,Shellie,Ashby,sashbyob@bandcamp.com,Female,2,-0.7,1
877,Lira,Kellaway,lkellawayoc@4shared.com,Female,0,1.01,0
878,Kare,Goldsmith,kgoldsmithod@nationalgeographic.com,Female,0,0.99,1
879,Mercie,Trimbey,mtrimbeyoe@dell.com,Female,1,1.05,1
880,Julianna,Doog,jdoogof@yellowpages.com,Female,1,1.24,1
881,Emmalyn,Rudman,erudmanog@illinois.edu,Female,0,0.72,1
882,Harriett,Vowell,hvowelloh@illinois.edu,Female,1,-0.78,1
883,Francois,Milier,fmilieroi@spotify.com,Male,0,0.26,0
884,Emmalynne,Pawlik,epawlikoj@indiatimes.com,Female,0,-1.05,1
885,Joseito,Murrow,jmurrowok@4shared.com,Male,1,0.76,1
886,Josi,Epinay,jepinayol@lycos.com,Female,0,-0.08,1
887,Tilda,Van Driel,tvandrielom@biglobe.ne.jp,Female,0,0.29,1
888,Susy,Killner,skillneron@wix.com,Female,0,-0.25,1
889,Jefferey,McClaurie,jmcclaurieoo@github.com,Male,1,-0.44,1
890,Isahella,Daniello,idanielloop@feedburner.com,Female,0,0.97,1
891,Sibeal,Boam,sboamoq@dion.ne.jp,Female,0,1.87,1
892,Lowell,Heigold,lheigoldor@php.net,Male,1,-0.92,1
893,Vilhelmina,Du Pre,vdupreos@instagram.com,Female,0,0.8,1
894,Desiree,Chater,dchaterot@bloglovin.com,Female,1,0.65,1
895,Jeddy,Horley,jhorleyou@netlog.com,Male,1,-0.14,1
896,Jarrad,McVee,jmcveeov@ibm.com,Male,1,0.05,1
897,Rockey,Gilby,rgilbyow@ibm.com,Male,1,0.85,0
898,Joela,Caso,jcasoox@harvard.edu,Female,0,0.51,1
899,Stuart,Cottel,scotteloy@macromedia.com,Male,1,1.65,0
900,Vic,Wayon,vwayonoz@networkadvertising.org,Male,0,1.03,1
901,Domeniga,Mantione,dmantionep0@chicagotribune.com,Female,1,-0.07,1
902,Mariette,Hinkens,mhinkensp1@devhub.com,Female,0,1.89,1
903,Minda,Pither,mpitherp2@pbs.org,Female,1,-0.09,0
904,Valeda,Sifleet,vsifleetp3@cnet.com,Female,0,0.5,0
905,Millie,Josipovic,mjosipovicp4@w3.org,Female,0,-0.25,1
906,Clint,Rounce,crouncep5@cisco.com,Male,2,0.45,0
907,Jacinda,Kilius,jkiliusp6@ocn.ne.jp,Female,0,0.63,1
908,Alyosha,Miebes,amiebesp7@barnesandnoble.com,Male,0,-0.94,0
909,Brook,Savell,bsavellp8@simplemachines.org,Female,1,0.27,1
910,Haydon,Hamer,hhamerp9@goodreads.com,Male,0,0.11,0
911,Anson,Skettles,askettlespa@marriott.com,Male,0,-0.65,1
912,Isa,Cartmale,icartmalepb@theglobeandmail.com,Male,1,-0.22,0
913,Cher,Instrell,cinstrellpc@homestead.com,Female,0,0.51,1
914,Robina,Wilkinson,rwilkinsonpd@pbs.org,Female,0,-0.46,1
915,Boyd,Moreside,bmoresidepe@google.com.au,Male,0,-0.54,1
916,Ber,Manueli,bmanuelipf@techcrunch.com,Male,0,-0.07,0
917,Zane,Coate,zcoatepg@gov.uk,Male,0,2.12,1
918,Paten,Carvell,pcarvellph@1und1.de,Male,0,-1.08,1
919,Daune,Bumford,dbumfordpi@harvard.edu,Female,0,1.25,1
920,Priscella,Baraja,pbarajapj@disqus.com,Female,1,2.01,1
921,Nerissa,Tompkins,ntompkinspk@fastcompany.com,Female,0,0.96,0
922,Windham,Jenner,wjennerpl@unesco.org,Male,0,-0.41,1
923,Sheff,Phelps,sphelpspm@baidu.com,Male,0,1.6,0
924,Byrom,Seagrave,bseagravepn@ibm.com,Male,0,0.73,0
925,Sherry,Bartelli,sbartellipo@skyrock.com,Female,0,-0.67,0
926,Darlleen,Laurenzi,dlaurenzipp@oracle.com,Female,0,1.17,1
927,Shellie,Pedlow,spedlowpq@google.com.hk,Female,0,-1.1,1
928,Inglebert,Krause,ikrausepr@dmoz.org,Male,0,0.67,1
929,Nollie,Sleigh,nsleighps@t-online.de,Male,1,-0.27,1
930,Kandace,Pouton,kpoutonpt@wired.com,Female,0,1.63,1
931,Bibby,Metzke,bmetzkepu@slashdot.org,Female,1,0.32,1
932,Hermina,Kerbler,hkerblerpv@mysql.com,Female,0,1.55,0
933,Ilyssa,Groome,igroomepw@barnesandnoble.com,Female,1,0.8,0
934,Trixy,Huffy,thuffypx@booking.com,Female,1,1.03,1
935,Zenia,Tolworthy,ztolworthypy@squarespace.com,Female,1,0.28,1
936,Bryanty,Jones,bjonespz@pagesperso-orange.fr,Male,1,-0.51,1
937,Letizia,Pattie,lpattieq0@vinaora.com,Female,0,-0.5,1
938,Seumas,D'Ambrosi,sdambrosiq1@barnesandnoble.com,Male,0,1.31,0
939,Andie,Vesco,avescoq2@salon.com,Male,0,0.9,1
940,Rhett,Farnfield,rfarnfieldq3@bbc.co.uk,Male,0,-1.87,1
941,Dennison,Iczokvitz,diczokvitzq4@gravatar.com,Male,1,-0.22,1
942,Rabbi,Meeny,rmeenyq5@g.co,Male,0,1.67,0
943,Cort,Cathesyed,ccathesyedq6@mac.com,Male,0,-0.15,1
944,Frederic,Rippin,frippinq7@spiegel.de,Male,1,1.66,0
945,Wainwright,Beaudry,wbeaudryq8@wikispaces.com,Male,0,-1.41,1
946,Barris,Leatherland,bleatherlandq9@statcounter.com,Male,0,1.58,1
947,Austin,Surfleet,asurfleetqa@weebly.com,Female,0,1.2,0
948,Pascal,Shellibeer,pshellibeerqb@psu.edu,Male,1,1.54,1
949,Markus,Tapin,mtapinqc@dailymail.co.uk,Male,0,-0.98,0
950,Rolph,Gartside,rgartsideqd@dailymotion.com,Male,2,1.29,1
951,Carly,Vairow,cvairowqe@smh.com.au,Male,0,0.88,0
952,Lev,Burgan,lburganqf@elpais.com,Male,0,-1.28,1
953,Penni,Colafate,pcolafateqg@phoca.cz,Female,0,1.04,1
954,Harley,Gilbee,hgilbeeqh@flavors.me,Female,1,0.74,0
955,Sammie,Nuemann,snuemannqi@blogger.com,Male,1,1.39,1
956,Kameko,Pegden,kpegdenqj@adobe.com,Female,2,1.47,1
957,Arri,Gorioli,agorioliqk@merriam-webster.com,Male,0,1.54,1
958,Christan,Teggart,cteggartql@aboutads.info,Female,0,-0.47,0
959,Franky,Horley,fhorleyqm@mozilla.org,Male,2,0.63,1
960,Gianni,MacKeague,gmackeagueqn@cam.ac.uk,Male,0,1.44,1
961,Kelsey,Andrioli,kandrioliqo@indiatimes.com,Male,1,-1.83,1
962,Curcio,Hallbord,challbordqp@mozilla.org,Male,1,0.81,1
963,Janenna,Junkin,jjunkinqq@webeden.co.uk,Female,1,1.4,1
964,Tadd,Guinane,tguinaneqr@sun.com,Male,0,0.29,1
965,Malcolm,Coneau,mconeauqs@google.it,Male,0,1.18,0
966,Brit,Keast,bkeastqt@slideshare.net,Male,2,-1.07,1
967,Aggie,Butterfill,abutterfillqu@gnu.org,Female,0,0.76,1
968,Lillian,O' Borne,loborneqv@pen.io,Female,0,-1.18,1
969,Edgardo,Orrocks,eorrocksqw@google.it,Male,0,0.9,0
970,Joana,McFfaden,jmcffadenqx@51.la,Female,1,-0.2,1
971,Anallise,Purtell,apurtellqy@simplemachines.org,Female,0,0.05,0
972,Kyle,Landman,klandmanqz@cnn.com,Male,0,-0.89,0
973,Cedric,McGaw,cmcgawr0@free.fr,Male,0,0.54,0
974,Skipp,Harries,sharriesr1@yale.edu,Male,1,0.82,0
975,Darelle,Noe,dnoer2@usda.gov,Female,0,0.87,1
976,Archibald,McAnellye,amcanellyer3@vinaora.com,Male,1,0.88,0
977,Stuart,Gligori,sgligorir4@wikispaces.com,Male,1,0.11,1
978,Dukey,Winfield,dwinfieldr5@nationalgeographic.com,Male,0,0.28,1
979,Judy,Mularkey,jmularkeyr6@mail.ru,Female,0,-0.05,1
980,Caleb,Schult,cschultr7@google.ru,Male,1,0.77,0
981,Bill,Haley,bhaleyr8@canalblog.com,Male,1,-0.46,1
982,Judon,Kenelin,jkenelinr9@hatena.ne.jp,Male,0,-0.66,0
983,Reilly,Heninghem,rheninghemra@moonfruit.com,Male,2,1.21,1
984,Maryrose,Drabble,mdrabblerb@1und1.de,Female,1,0.31,1
985,Wang,Trewartha,wtrewartharc@indiegogo.com,Male,1,1.71,0
986,Wilt,Bowell,wbowellrd@altervista.org,Male,0,-0.59,0
987,Cointon,Gaukrodge,cgaukrodgere@simplemachines.org,Male,1,0.81,1
988,Georg,Scollan,gscollanrf@independent.co.uk,Male,0,0.78,1
989,Carlen,Hebbron,chebbronrg@reddit.com,Female,0,0.57,1
990,Aylmer,Crewther,acrewtherrh@ebay.com,Male,0,0.03,1
991,Imelda,Dixon,idixonri@shutterfly.com,Female,1,-0.41,1
992,Elwira,Betjes,ebetjesrj@princeton.edu,Female,0,-0.23,1
993,Pat,Swancock,pswancockrk@squarespace.com,Male,2,-0.87,1
994,Ranique,Duncanson,rduncansonrl@cdbaby.com,Female,1,0.49,1
995,Hedi,Ruddlesden,hruddlesdenrm@shutterfly.com,Female,0,-1.41,1
996,Letti,Fermor,lfermorrn@multiply.com,Female,1,0.64,0
997,Jarred,Rannie,jranniero@about.me,Male,0,0.96,1
998,Desiree,Jaffrey,djaffreyrp@hao123.com,Female,1,0.87,1
999,Prinz,Pattinson,ppattinsonrq@guardian.co.uk,Male,0,0.51,1
1000,Jan,Kinchlea,jkinchlearr@amazonaws.com,Male,0,-0.9,1
